"","Estimate","Std..Error","t.value","Pr...t.."
"(Intercept)",3.57729193570269,0.388800649014862,9.20083838534421,1.00383680868939e-14
"age",-0.00592825594307912,0.0133428478307325,-0.444302147359021,0.657856327643915
"gen",0.0830749750016343,0.191485025314919,0.433845805252959,0.665405190386007
